Code,Show Name,Location,Scene
/title/tt0072737/,Breakout,"Fort de Bellegarde, Le Perthus, France",(Mexican prison)                        
/title/tt0072737/,Breakout,"Eloy, Arizona, USA",
/title/tt0072737/,Breakout,Spain,
/title/tt0072737/,Breakout,"Durango, Mexico",(Mexico)                        
/title/tt7225386/,25 km/h,"Fußbach, Gengenbach, Baden-Württemberg, Germany",(Christians und Georgs Elternhaus)                        
/title/tt7225386/,25 km/h,"Haffkrug, Scharbeutz, Schleswig-Holstein, Germany",(Seebrücke)                        
/title/tt7225386/,25 km/h,"Gernsbach, Baden-Württemberg, Germany","(Löchingen: Brunnen, Altstadt, Friedhof, Kirche)                        "
/title/tt7225386/,25 km/h,"Luftfahrtmuseum Finowfurt, Schorfheide, Germany",
/title/tt7225386/,25 km/h,"Zossen, Brandenburg, Germany",(Sandgrube)                        
/title/tt7225386/,25 km/h,"Kniebis, Freudenstadt, Baden-Württemberg, Germany",(Tankstelle)                        
/title/tt1229370/,The Lost Treasure of the Grand Canyon,"Cache Creek, British Columbia, Canada",
/title/tt1229370/,The Lost Treasure of the Grand Canyon,"Thompson-Nicola Region, British Columbia, Canada",
/title/tt0082461/,Goliath Awaits,"RMS Queen Mary - 1126 Queens Highway, Long Beach, California, USA",
/title/tt0082461/,Goliath Awaits,North Sea,
/title/tt3394758/,The Legend of Longwood,Ireland,
/title/tt3394758/,The Legend of Longwood,"Howth Castle, Howth, Fingal, County Dublin, Ireland",
/title/tt3394758/,The Legend of Longwood,"Powerscourt, County Wicklow, Ireland",
/title/tt1758570/,Battle of Los Angeles,"Asylum Studios, Los Angeles, California, USA",(studio)                        
/title/tt1230126/,Minor Details,"Utah, USA",
/title/tt0088678/,The Adventures of Mark Twain,"Portland, Oregon, USA",
/title/tt0472242/,Blackbeard,"Seattle, Washington, USA",
/title/tt1322333/,Largo Winch II,"Merksem, Antwerp, Flanders, Belgium",(town hall)                        
/title/tt1322333/,Largo Winch II,"Mae Hong Son, Thailand",(Pangmapha)                        
/title/tt1322333/,Largo Winch II,Germany,
/title/tt1322333/,Largo Winch II,"London, England, UK",
/title/tt0067630/,Psychomania,"Shepperton Studios, Shepperton, Surrey, England, UK",
/title/tt0079152/,The Fifth Musketeer,"Burg Liechtenstein, Maria Enzersdorf, Lower Austria, Austria",
/title/tt0079152/,The Fifth Musketeer,"Schönbrunn Palace, Schönbrunner Schloßstraße 47-49, Hietzing, Vienna, Austria",
/title/tt0079152/,The Fifth Musketeer,"Klosterneuburg, Lower Austria, Austria",
/title/tt0106877/,Father Hood,"Hoover Dam, Arizona-Nevada Border, USA",(Hoover Dam)                        
/title/tt0106877/,Father Hood,"Boerne, Texas, USA",(near) (Cascade Caverns caves)                        
/title/tt0106877/,Father Hood,"Black Canyon, Arizona, USA",(Hoover Dam sequence)                        
/title/tt0106877/,Father Hood,"San Antonio, Texas, USA",
/title/tt0106877/,Father Hood,"Cascade Caverns, Texas, USA",(Cascade Caverns caves)                        
/title/tt0106877/,Father Hood,"Missisippi River, Louisiana, USA",(speedboat-helicopter chase)                        
/title/tt0106877/,Father Hood,"Mississippi River, USA",(speedboat-helicopter chase)                        
/title/tt0106877/,Father Hood,"The Steamer New Orleans Historical Marker, New Orleans, Louisiana, USA",(signpost in New Orleans)                        
/title/tt0106877/,Father Hood,"Helotes, Texas, USA",(Jack misses towed boat while on the phone)                        
/title/tt0106877/,Father Hood,USA,
/title/tt0106877/,Father Hood,"California, USA",
/title/tt0106877/,Father Hood,"Louisiana, USA",
/title/tt0043379/,Captain Horatio Hornblower,"Villefranche-sur-Mer, Alpes-Maritimes, France",(Witch of Endor docked in Nantes: Quai de l'Amiral Courbet)                        
/title/tt0043379/,Captain Horatio Hornblower,"Rye, East Sussex, England, UK",(Hornblower's house on Mermaid Street)                        
/title/tt0043379/,Captain Horatio Hornblower,Mediterranean Sea,(sea battle scenes)                        
/title/tt0043379/,Captain Horatio Hornblower,France,
/title/tt0043379/,Captain Horatio Hornblower,"Alpes-Maritimes, France",
/title/tt0096535/,Around the World in 80 Days,Yugoslavia,
/title/tt0096535/,Around the World in 80 Days,"Hong Kong, China",
/title/tt0096535/,Around the World in 80 Days,Thailand,
/title/tt0057918/,Carry On Cleo,"Bullstrode Park Gerrards Cross, England, UK",(location)                        
/title/tt0057918/,Carry On Cleo,"Chobham Common, Surrey, England, UK",(location)                        
/title/tt2317524/,12 Rounds 2: Reloaded,"Vancouver, British Columbia, Canada",
/title/tt6277462/,Brahmastra,Bulgaria,
/title/tt6277462/,Brahmastra,"Varanasi, Uttar Pradesh, India",
/title/tt0110944/,Rapa Nui,"Easter Island, Chile",
/title/tt1079968/,Jack and the Beanstalk,"Los Angeles, California, USA",
/title/tt0104522/,Into the West,"Portarlington, County Laois, Ireland",(Cinema)                        
/title/tt0104522/,Into the West,"County Mayo, Ireland",(Beach scenes)                        
/title/tt0104522/,Into the West,"Ballymun, Dublin, County Dublin, Ireland",
/title/tt0104522/,Into the West,"Wicklow Mountains, Ireland",
/title/tt2951478/,Call of Duty: Ghosts,"Baghdad, Iraq",
/title/tt2951478/,Call of Duty: Ghosts,"Chicago Illinois, USA",
/title/tt0064451/,A Touch of Zen,"Taroko National Park, Hualien, Taiwan",(monastery and river canyon)                        
/title/tt0064451/,A Touch of Zen,Taiwan,(main setting)                        
/title/tt2151543/,Arachnoquake,"Baton Rouge, Louisiana, USA",
/title/tt2151543/,Arachnoquake,"St. Amant, Louisiana, USA",
/title/tt2151543/,Arachnoquake,"Sorrento, Louisiana, USA",
/title/tt0770521/,Drive,"Fontana, California, USA",
/title/tt0770521/,Drive,"Santa Clarita Studios - 25135 Anza Drive, Santa Clarita, California, USA",
/title/tt0313597/,Shark Attack 3: Megalodon,"Sofia, Bulgaria",
/title/tt0367088/,Spymate,"Vancouver, British Columbia, Canada",
/title/tt2221648/,Return to Nim's Island,"Gold Coast, Queensland, Australia",
/title/tt0047444/,Miyamoto Musashi,Japan,
/title/tt2404583/,Ironclad: Battle for Blood,"Belgrade, Serbia",
/title/tt2404583/,Ironclad: Battle for Blood,"PFI Studios, Belgrade, Serbia",
/title/tt0092638/,Benji the Hunted,"Newport, Oregon, USA",
/title/tt0092638/,Benji the Hunted,"Astoria, Oregon, USA",
Code,Show Name,Location,Scene
/title/tt0111666/,War of the Buttons,"Castletownshend, County Cork, Ireland",
/title/tt0111666/,War of the Buttons,"County Cork, Ireland",
/title/tt0111666/,War of the Buttons,"Union Hall, County Cork, Ireland",
/title/tt0067388/,Man in the Wilderness,"Covaleda, Soria, Castilla y León, Spain",(pinares)                        
/title/tt0067388/,Man in the Wilderness,"Mormon Lake, Arizona, USA",
/title/tt0067388/,Man in the Wilderness,"Mexiquillo, Durango, Mexico",
/title/tt0067388/,Man in the Wilderness,"Chihuahua, Chihuahua, Mexico",
/title/tt0067388/,Man in the Wilderness,"Moro Studios, Madrid, Spain",(interior scenes)                        
/title/tt0098917/,Super Force,"Orlando, Florida, USA",
/title/tt0131675/,Legends of the Superheroes,"Los Angeles, California, USA",
/title/tt0062443/,The Viking Queen,"Ardmore Studios, Herbert Road, Bray, County Wicklow, Ireland",
/title/tt0062443/,The Viking Queen,"Loch Tay, County Wicklow, Ireland",
/title/tt0062443/,The Viking Queen,"Sally Gap, County Wicklow, Ireland",
/title/tt3823098/,Edie,"Suilven Mountain, Sutherland, Scotland, UK",(mountain location)                        
/title/tt3823098/,Edie,"Inverness, Highland, Scotland, UK",(Edie's arrival on train)                        
/title/tt3823098/,Edie,UK,
/title/tt1394329/,Free Willy: Ontsnapping uit de Piratenbaai,"Cape Town, Western Cape, South Africa",
/title/tt1694508/,2010: Moby Dick,"AES Alamitos, 690 North Studebaker Road, Long Beach, California, USA",
/title/tt1694508/,2010: Moby Dick,"Laurel Canyon Stages - 9337 Laurel Canyon Boulevard, Arleta, Los Angeles, California, USA",
/title/tt4296026/,Avengers Grimm,"Los Angeles, California, USA",
/title/tt0046951/,Elephant Walk,"Ratmalana Airport, Colombo, Western Province, Sri Lanka",
/title/tt0046951/,Elephant Walk,"Hantana, Kandy, Central Province, Sri Lanka",(tea plantation)                        
/title/tt0046951/,Elephant Walk,"Iverson Ranch - 1 Iverson Lane, Chatsworth, Los Angeles, California, USA",
/title/tt0073639/,Royal Flash,"Bedford School, Bedford, Bedfordshire, England, UK",
/title/tt0073639/,Royal Flash,"Castle Linderhof, Ettal, Bavaria, Germany",
/title/tt0073639/,Royal Flash,"Rothenburg ob der Tauber, Bavaria, Germany",
/title/tt0073639/,Royal Flash,"Würzburg, Bavaria, Germany",
/title/tt0059399/,Lord Jim,"Angkor Wat, Siem Reap, Cambodia",
/title/tt0059399/,Lord Jim,China,
/title/tt0059399/,Lord Jim,Cambodia,
/title/tt0059399/,Lord Jim,"Shepperton Studios, Shepperton, Surrey, England, UK",(studio)                        
/title/tt0098803/,Het meisje uit het jaar 3000,"Sydney, New South Wales, Australia",
/title/tt0100633/,Der Skipper,Gibraltar,
/title/tt0086692/,Danger Bay,"Vancouver, British Columbia, Canada",
/title/tt0076297/,The Last Remake of Beau Geste,"Limerick, Ireland",
/title/tt0076297/,The Last Remake of Beau Geste,"Huelva, Andalucía, Spain",(desert scenes)                        
/title/tt0076297/,The Last Remake of Beau Geste,"Kilmainham Jail, Dublin, County Dublin, Ireland",(Prison scenes)                        
/title/tt0076297/,The Last Remake of Beau Geste,"Seville, Spain",
/title/tt0076297/,The Last Remake of Beau Geste,"Estudios Roma, Madrid, Spain",(studio)                        
/title/tt0076297/,The Last Remake of Beau Geste,"Hospital de Tavera, Toledo, Castilla-La Mancha, Spain",(Fort Zindeneuf yard interior scenes)                        
/title/tt0397501/,King Solomon's Mines,"Western Cape, South Africa",
/title/tt0397501/,King Solomon's Mines,"Cape Town, Western Cape, South Africa",
/title/tt1764625/,Las aventuras de Tadeo Jones,"Madrid, Spain",
/title/tt4547120/,San Andreas Quake,"Los Angeles, California, USA",
/title/tt4547120/,San Andreas Quake,"Topanga Canyon, California, USA",
/title/tt0118499/,True Women,"Austin, Texas, USA",
/title/tt0118499/,True Women,"San Antonio, Texas, USA",
/title/tt6573370/,Alone Across the Arctic,"Yukon Territory, Canada",(expedition)                        
/title/tt6573370/,Alone Across the Arctic,"Nunavut, Canada",(expedition)                        
/title/tt0078644/,The Littlest Hobo,"Vancouver, British Columbia, Canada",
/title/tt0078644/,The Littlest Hobo,"Maple, Ontario, Canada",
/title/tt0078644/,The Littlest Hobo,"Pickering, Ontario, Canada",
/title/tt0078644/,The Littlest Hobo,"Uxbridge, Ontario, Canada",
/title/tt0078644/,The Littlest Hobo,"Port Perry, Ontario, Canada",
/title/tt0078644/,The Littlest Hobo,"Stouffville, Ontario, Canada",
/title/tt0078644/,The Littlest Hobo,"Cinespace Film Studios - 11030 Highway 27, Kleinburg, Ontario, Canada",(studio)                        
/title/tt0038417/,Kap en dolk,"Providencia Ranch, Hollywood Hills, Los Angeles, California, USA",
/title/tt0038417/,Kap en dolk,"Warner Brothers Burbank Studios - 4000 Warner Boulevard, Burbank, California, USA",(studio)                        
/title/tt0041162/,Batman and Robin,"George Lewis Mansion - Benedict Canyon Drive, Bel Air, Los Angeles, California, USA",
/title/tt0300897/,4D Special Agents,"London, England, UK",
/title/tt1927093/,Fred 2: Night of the Living Fred,"Los Angeles, California, USA","(Birmingham Community Charter High School, Sally Field Performing Arts Theater)                        "
/title/tt0473298/,Biohazard 5,South Africa,
/title/tt0161849/,Paradiso infernale,"Amazon Rainforest, Colombia",
/title/tt4661680/,Vanished,"Savannah, Georgia, USA",
/title/tt0249008/,Metal Gear Solid 2: Sons of Liberty,"New York City, New York, USA",(real-life footage)                        
/title/tt0028872/,Fire Over England,"Denham Studios, Denham, Buckinghamshire, England, UK",(studio) (uncredited)                        
/title/tt4254584/,Kicks,"Richmond, California, USA",
/title/tt4254584/,Kicks,"Oakland, California, USA",
/title/tt4254584/,Kicks,"Emeryville, California, USA",
/title/tt0058544/,San daikaijû: Chikyû saidai no kessen,"Tokyo, Japan",
/title/tt0058544/,San daikaijû: Chikyû saidai no kessen,"Kurobe Dam, Toyama, Japan",
Code,Show Name,Location,Scene
/title/tt0045125/,Scaramouche,"Château de Pierrefonds, Pierrefonds, Oise, France","(Noel, Marquis de Maynes's castle)                        "
/title/tt0045125/,Scaramouche,"Ranch Park Golf Course, Los Angeles, California, USA",
/title/tt0054353/,The Sundowners,"Carriewerloo Station, South Australia, Australia",
/title/tt0054353/,The Sundowners,"Hawker, South Australia, Australia",
/title/tt0054353/,The Sundowners,"South Australia, Australia","(Hawker, Whyalla, Quorn, Iron Knob, Port Augusta, and Carriewerloo)                        "
/title/tt0054353/,The Sundowners,"Jindabyne, New South Wales, Australia",
/title/tt0054353/,The Sundowners,"Flinders Ranges, South Australia, Australia",
/title/tt0054353/,The Sundowners,"Associated British Elstree Studios, Shenley Road, Borehamwood, Hertfordshire, England, UK",(studio)                        
/title/tt0054353/,The Sundowners,"Quorn, South Australia, Australia",
/title/tt0054353/,The Sundowners,"Snowy Mountains, New South Wales, Australia",
/title/tt0054353/,The Sundowners,"Whyalla, South Australia, Australia",
/title/tt0054353/,The Sundowners,"Outback, South Australia, Australia",
/title/tt2390283/,Midnight Sun,"Sault Ste. Marie, Ontario, Canada",
/title/tt0401934/,Foreign Exchange,"County Galway, Ireland",
/title/tt0401934/,Foreign Exchange,"Cottesloe Beach, Cottesloe, Western Australia, Australia",
/title/tt0401934/,Foreign Exchange,"Indiana Tea House, Cottesloe Beach, Australia",(Brett's house and restaurant)                        
/title/tt0401934/,Foreign Exchange,"Castlehacket House, Galway, Ireland",(O'Keefe's College)                        
/title/tt1114708/,Aaron Stone,"Toronto, Ontario, Canada",
/title/tt0032818/,The Mummy's Hand,"Universal Studios - 100 Universal City Plaza, Universal City, California, USA",(studio)                        
/title/tt0068030/,The Adventures of Black Beauty,"Hertfordshire, England, UK",
/title/tt0068030/,The Adventures of Black Beauty,"Stockers Farm, Rickmansworth, Hertfordshire, England, UK",
/title/tt0081439/,Rough Cut,"Pinewood Studios, Iver Heath, Buckinghamshire, England, UK",(studio)                        
/title/tt0081439/,Rough Cut,"West Wycombe Park, West Wycombe, Buckinghamshire, England, UK",(opening sequence: party)                        
/title/tt0081439/,Rough Cut,"All England Club, Wimbledon, London, England, UK",
/title/tt0081439/,Rough Cut,"Dingwall's Discotheque, Camden Lock, Chalk Farm Road, Camden, London, England, UK",
/title/tt0081439/,Rough Cut,"Stansted Airport, Essex, England, UK",
/title/tt0081439/,Rough Cut,"Curzon House, Curzon Street, Mayfair, London, England, UK",
/title/tt0081439/,Rough Cut,"Amsterdam, Noord-Holland, Netherlands",
/title/tt0081439/,Rough Cut,Spain,
/title/tt0081439/,Rough Cut,"England, UK",
/title/tt0081439/,Rough Cut,"Whitehall, Westminster, London, England, UK",
/title/tt0081439/,Rough Cut,"Mayfair, London, England, UK",
/title/tt0081439/,Rough Cut,"Camden Lock, Chalk Farm Road, Camden, London, England, UK",
/title/tt0081439/,Rough Cut,"Yateley, Hampshire, England, UK",
/title/tt0081439/,Rough Cut,"Amsterdam Airport Schiphol, Schiphol, Haarlemmermeer, Noord-Holland, Netherlands",
/title/tt4276752/,Xun long jue,"Hulun Buir Aimag, Inner Mongolia, China",
/title/tt4276752/,Xun long jue,"Cortlandt Alley, Chinatown, Manhattan, New York City, New York, USA",(exteriors of action scenes)                        
/title/tt2245171/,The Cut,Cuba,
/title/tt2245171/,The Cut,Canada,
/title/tt2245171/,The Cut,Malta,
/title/tt2245171/,The Cut,"MMC Studios, Cologne, North Rhine-Westphalia, Germany",(interiors)                        
/title/tt0045197/,The Story of Robin Hood and His Merrie Men,"Sherwood Forest, Nottinghamshire, England, UK",(second unit location shooting)                        
/title/tt0045197/,The Story of Robin Hood and His Merrie Men,"Denham Studios, Denham, Buckinghamshire, England, UK",(studio)                        
/title/tt0448965/,Mysterious Island,"Krabi, Thailand",
/title/tt0081031/,The Last Flight of Noah's Ark,"Kaua'i, Hawaii, USA",
/title/tt0081031/,The Last Flight of Noah's Ark,"Los Angeles, California, USA",(various parts of the city)                        
/title/tt0081031/,The Last Flight of Noah's Ark,"Mojave Desert, California, USA",
/title/tt0096681/,Prince Caspian and the Voyage of the Dawn Treader,"Plas Newydd, Llangollen, Denbighshire, Wales, UK",(The magician's house)                        
/title/tt0096681/,Prince Caspian and the Voyage of the Dawn Treader,"Goldney Hall - Bristol University, Lower Clifton Hill, Clifton, Bristol, England, UK",
/title/tt0096681/,Prince Caspian and the Voyage of the Dawn Treader,"Somerset, England, UK",
/title/tt0829176/,Gallowwalkers,Namibia,
/title/tt0120430/,Vanishing Point,"Williams, Arizona, USA",
/title/tt0120430/,Vanishing Point,"Monument Valley, Utah, USA",
/title/tt0120430/,Vanishing Point,"Sedona, Arizona, USA",
/title/tt0120430/,Vanishing Point,"New Mexico, USA",
/title/tt0099581/,Flashback,"San Francisco, California, USA",
/title/tt0099581/,Flashback,"Denver, Colorado, USA",
/title/tt2545440/,Swindle,"Vancouver, British Columbia, Canada",
/title/tt0362942/,Post Impact,Bulgaria,
/title/tt6624126/,Aliens Ate My Homework,"Vancouver, British Columbia, Canada",
/title/tt0808339/,Largo Winch,Bosnia-Herzegovina,
/title/tt0808339/,Largo Winch,"Castellammare del Golfo, Trapani, Sicily, Italy",(Scopello: Croatian port)                        
/title/tt0808339/,Largo Winch,"Mtahleb Chapel, Ir-Rabat, Malta",(funeral in Croatian village)                        
/title/tt0808339/,Largo Winch,"Macau, China",
/title/tt0082642/,The Last Chase,"Tucson, Arizona, USA",
/title/tt0082642/,The Last Chase,"Flagstaff, Arizona, USA",
/title/tt0082642/,The Last Chase,"Phoenix, Arizona, USA",
/title/tt0082642/,The Last Chase,"Forks of the Credit, Ontario, Canada",(Road block)                        
/title/tt0082642/,The Last Chase,"Rosedale, Toronto, Ontario, Canada",(exterior scenes)                        
/title/tt0430674/,The Thief Lord,"Venice, Veneto, Italy",
/title/tt0430674/,The Thief Lord,Luxembourg,
/title/tt1693679/,Hirokin,"Dumont Dunes, California, USA",
/title/tt0048283/,Land of the Pharaohs,"The Unfinished Pyramid of Pharaoh Baka, Zawiyet-el-Aryan, Egypt",(Pyramid early construction scene)                        
/title/tt0048283/,Land of the Pharaohs,"Titanus Appia Studios, Rome, Lazio, Italy",(studio)                        
/title/tt0042256/,The Black Rose,"Warwick Castle, Warwick, Warwickshire, England, UK",(as Gurney Castle)                        
/title/tt0042256/,The Black Rose,"Casablanca, Morocco",
/title/tt0042256/,The Black Rose,"Ouarzazate, Ouarzazate Province, Morocco",
/title/tt0042256/,The Black Rose,"London Film Studios, Shepperton, Surrey, England, UK",(studio) (studio: produced at London Film Studio Shepperton England)                        
/title/tt0042256/,The Black Rose,"Marrakech, Morocco",
/title/tt9208214/,Die Wolf-Gäng,"Alsfeld, Hesse, Germany",
/title/tt0103504/,The Odyssey,"British Columbia, Canada",
/title/tt1194271/,Against the Dark,"Bucharest, Romania",
/title/tt1194271/,Against the Dark,Romania,
/title/tt1375710/,El Dorado,"Lima, Peru",
/title/tt0318236/,Odyssey 5,"Sheridan College, Oakville, Ontario, Canada",
/title/tt3704854/,The Boat Builder,"Pacifica, California, USA",
Code,Show Name,Location,Scene
/title/tt0081809/,North Sea Hijack,"Galway City, County Galway, Ireland",(Galway Docks)                        
/title/tt0081809/,North Sea Hijack,"Galway Docks, Galway City, County Galway, Ireland",
/title/tt0041361/,The Fighting Kentuckian,"Agoura, California, USA",
/title/tt0061653/,Fathom,"Mijas, Málaga, Andalucía, Spain",(filmed on location in Spain at Mijas)                        
/title/tt0061653/,Fathom,"Málaga, Málaga, Andalucía, Spain",(filmed on location in Spain at Malaga)                        
/title/tt0061653/,Fathom,"Torremolinos, Málaga, Andalucía, Spain",(filmed on location in Spain at Torremolinos)                        
/title/tt0193560/,Texas Rangers,"Durango, Mexico",
/title/tt0193560/,Texas Rangers,"Claresholm, Alberta, Canada",
/title/tt0060401/,Faraon,"Bukhara, Uzbekistan","(Desert scenes, namely the battle scenes involving 2000 russian soldiers as extras.)                        "
/title/tt0060401/,Faraon,"Luxor, Egypt",(Exterior of the temple to Amon.)                        
/title/tt0060401/,Faraon,"Temple of Amun, Karnak Temple, Luxor, Egypt",(Exterior of the ruins.)                        
/title/tt1260572/,Hammer of the Gods,"Sofia, Bulgaria",
/title/tt10980608/,Never Hike in the Snow,"Angelus Oaks, California, USA",
/title/tt0047795/,Abbott and Costello Meet the Mummy,"Universal Studios - 100 Universal City Plaza, Universal City, California, USA",(studio)                        
/title/tt0310482/,Legends of the Hidden Temple,"Nickelodeon Studios, Universal Studios Florida, Universal Orlando Resort - 1000 Universal Studios Plaza, Orlando, Florida, USA",
/title/tt3463274/,Chasing Monsters,Canada,
/title/tt3463274/,Chasing Monsters,Ireland,
/title/tt3463274/,Chasing Monsters,Venezuela,
/title/tt3463274/,Chasing Monsters,Cuba,
/title/tt3463274/,Chasing Monsters,Guinea,
/title/tt0049663/,The Rawhide Years,"Owens River, California, USA",
/title/tt0049663/,The Rawhide Years,"Lone Pine, California, USA",
/title/tt0049663/,The Rawhide Years,"Universal Studios - 100 Universal City Plaza, Universal City, California, USA",(studio)                        
/title/tt0060753/,Night Train to Mundo Fine,"North Hollywood, California, USA",
/title/tt0060753/,Night Train to Mundo Fine,"Point Dume, Malibu, California, USA",
/title/tt0060753/,Night Train to Mundo Fine,"Quartz Hill, California, USA",
/title/tt0060753/,Night Train to Mundo Fine,"Santa Paula Airport, Santa Paula, California, USA",
/title/tt0054795/,The Deadly Companions,"Old Tucson - 201 S. Kinney Road, Tucson, Arizona, USA","(photographed at the town of ""Old Tucson"")                        "
/title/tt0054795/,The Deadly Companions,"Sonoran Desert, Arizona, USA",
/title/tt0054795/,The Deadly Companions,"Santa Catalina Mountains, Arizona, USA",
/title/tt0054795/,The Deadly Companions,"Rincon Mountains, Arizona, USA",
/title/tt0054795/,The Deadly Companions,"Sabino Canyon, Tucson, Arizona, USA",
/title/tt0054795/,The Deadly Companions,"Tucson Mountains, Arizona, USA",
/title/tt0054795/,The Deadly Companions,"Catalina, Arizona, USA",
/title/tt0126745/,The Famous Five,"Bath, Somerset, England, UK",
/title/tt0126745/,The Famous Five,"Cheddar Showcaves, Cheddar, Somerset, England, UK",
/title/tt0126745/,The Famous Five,"Rowberrow, Somerset, England, UK",
/title/tt0097152/,Danny the Champion of the World,"Stonor Park, Henley-on-Thames, Oxfordshire, England, UK",
/title/tt0271972/,Arachnid,"Barcelona, Catalonia, Spain",
/title/tt0115385/,Tarzan: The Epic Adventures,South Africa,
/title/tt0074853/,The Man in the Iron Mask,"Château de Guermantes, Seine-et-Marne, France",(made on location at)                        
/title/tt0074853/,The Man in the Iron Mask,"Château de Courances, Courances, Essonne, France",(made on location at)                        
/title/tt0074853/,The Man in the Iron Mask,"Cháteau de Vaux Le Vicomte, France",(made on location at)                        
/title/tt0074853/,The Man in the Iron Mask,"Île Sainte-Marguerite, France","(made on location at Ile Ste. Marguerite, France)                        "
/title/tt1267296/,Dead Space,"New York City, New York, USA",
/title/tt5170778/,Strain 100,"Michigan, USA",
/title/tt0058548/,Santa Claus Conquers the Martians,"Roosevelt Field, Garden City, Long Island, New York, USA",(studio)                        
/title/tt4940370/,Hundraettåringen som smet från notan och försvann,"Keleti PU, Budapest, Hungary",(Station)                        
/title/tt0029844/,De avonturen van Tom Sawyer,"Big Bear Lake, Big Bear Valley, San Bernardino National Forest, California, USA",
/title/tt0029844/,De avonturen van Tom Sawyer,"Paramount Ranch - 2813 Cornell Road, Agoura, California, USA",
/title/tt0429078/,Qi jian,"Xinjiang, China",
/title/tt0120856/,Tarzan and the Lost City,"Bethlehem, Free State, South Africa",
/title/tt0120856/,Tarzan and the Lost City,South Africa,
/title/tt3152098/,Mega Shark vs. Mecha Shark,"Los Angeles, California, USA",
/title/tt3956336/,American Dresser,"Syracuse, New York, USA",
/title/tt3956336/,American Dresser,"Brewerton, New York, USA",
/title/tt3956336/,American Dresser,"Long Island, New York, USA",
/title/tt3956336/,American Dresser,"Mount Rushmore National Memorial - Highway 244, Keystone, South Dakota, USA",
/title/tt3956336/,American Dresser,"Phoenix, New York, USA",
/title/tt3956336/,American Dresser,"Bakersfield, California, USA",
/title/tt3956336/,American Dresser,"Sturgis Buffalo Chip - 20622 Fort Meade Way, Buffalo Chip, South Dakota, USA",
/title/tt1705773/,Mega Shark vs. Crocosaurus,"Asylum Studios, Los Angeles, California, USA",(studio)                        
/title/tt1705773/,Mega Shark vs. Crocosaurus,"S.S. Lane Victory, Pier 94, San Pedro, Los Angeles, California, USA",
/title/tt2057487/,The Norwegian,"Dora, Trondheim, Sør Trøndelag, Norway",
/title/tt2057487/,The Norwegian,"Las Vegas, Nevada, USA",
/title/tt2057487/,The Norwegian,Norway,
/title/tt2057487/,The Norwegian,"Santa Monica, California, USA",
/title/tt2057487/,The Norwegian,"ZIV Studios, Santa Monica, California, USA",
/title/tt0118811/,The Call of the Wild: Dog of the Yukon,"Quebec, Canada",(exterior scenes)                        
Code,Show Name,Location,Scene
/title/tt5205210/,Strange Weather,"Flowood, Mississippi, USA",
/title/tt5205210/,Strange Weather,"Canton, Mississippi, USA",
/title/tt5205210/,Strange Weather,"New Orleans, Louisiana, USA",
/title/tt0235679/,Pokémon 3: De Film - In de Greep van het Onbekende,"New York City, New York, USA",(4Kids Entertainment)                        
/title/tt0235679/,Pokémon 3: De Film - In de Greep van het Onbekende,"Setagaya, Tokyo, Japan","(OLM, Inc)                        "
/title/tt0044091/,Superman and the Mole-Men,"RKO-Pathé Studios - 9336 Washington Blvd., Culver City, California, USA",(interiors)                        
/title/tt0088885/,The Care Bears Movie,"Ottawa, Ontario, Canada",
/title/tt0046576/,The Adventures of Rin Tin Tin,"Bronson Canyon, Griffith Park - 4730 Crystal Springs Drive, Los Angeles, California, USA",
/title/tt0046576/,The Adventures of Rin Tin Tin,"Corriganville, Ray Corrigan Ranch, Simi Valley, California, USA",
/title/tt0046576/,The Adventures of Rin Tin Tin,"Vasquez Rocks Natural Area Park - 10700 W. Escondido Canyon Rd., Agua Dulce, California, USA",
/title/tt0052604/,La battaglia di Maratona,"Titanus, Rome, Lazio, Italy",(studio)                        
/title/tt0052604/,La battaglia di Maratona,"Titanus Studios, Rome, Lazio, Italy",(studio)                        
/title/tt0492878/,Drake and Josh Go Hollywood,"Marriott Hotel - 4100 Admiralty Way, Marina del Rey, California, USA",
/title/tt0492878/,Drake and Josh Go Hollywood,"Hollywood, Los Angeles, California, USA",
/title/tt3204144/,Les combattants,"Béarn, Aquitaine, France",(military training programme)                        
/title/tt3204144/,Les combattants,"Maubuisson, Carcans, Gironde, France",(Lake with military recruitment)                        
/title/tt3204144/,Les combattants,"Azereix, Hautes-Pyrénées, France",(military training in the woods)                        
/title/tt3204144/,Les combattants,"Lit-et-Mixe, Landes, France",
/title/tt0115693/,Black Mask,"Hong Kong, China",
/title/tt2457138/,Battledogs,"Buffalo, New York, USA",
/title/tt2457138/,Battledogs,"New York, USA",
/title/tt2457138/,Battledogs,"New York City, New York, USA",
/title/tt0784920/,Power Rangers Operation Overdrive,"Auckland, New Zealand",
/title/tt0784920/,Power Rangers Operation Overdrive,New Zealand,
/title/tt1522262/,The Last Lovecraft: Relic of Cthulhu,"Agoura Hills, California, USA",(college university)                        
/title/tt1522262/,The Last Lovecraft: Relic of Cthulhu,"Bronson Caves, Bronson Canyon, Griffith Park - 4730 Crystal Springs Drive, Los Angeles, California, USA",(cave)                        
/title/tt1522262/,The Last Lovecraft: Relic of Cthulhu,"Los Angeles, California, USA",(Olaf's camper)                        
/title/tt8694596/,Corto Maltese,"Nu Boyana Studios, Sofia, Bulgaria",
/title/tt7062794/,Percy Jackson,"Portland, Oregon, USA",(Location)                        
/title/tt8235966/,Alien Siege,"Los Angeles County, California, USA",
/title/tt0065969/,The Last Valley,"Trins, Tirol, Austria",
/title/tt0065969/,The Last Valley,"Gschnitztal Valley, Tirol, Austria",(village scenes)                        
/title/tt3655414/,Cien años de perdón,"Gran Canaria, Canary Islands, Spain",(street scenes)                        
/title/tt3655414/,Cien años de perdón,"Buenos Aires, Federal District, Argentina",
/title/tt0063591/,The Shakiest Gun in the West,"Mexican Street, Backlot, Universal Studios - 100 Universal City Plaza, Universal City, California, USA",
/title/tt5003186/,Plan de fuga,"Madrid, Madrid, Spain",
/title/tt0051436/,The Buccaneer,"New Iberia, Louisiana, USA",(Establishing shot of governor's house.)                        
/title/tt0051436/,The Buccaneer,"Paramount Studios - 5555 Melrose Avenue, Hollywood, Los Angeles, California, USA",(studio)                        
/title/tt0052564/,The Angry Red Planet,"Hal Roach Studios - 8822 Washington Blvd., Culver City, California, USA",(interiors)                        
/title/tt1354022/,Jordan,"Santa Fe, New Mexico, USA",
/title/tt1354022/,Jordan,"Madrid, New Mexico, USA",
/title/tt3743126/,Sharktopus vs. Pteracuda,Dominican Republic,(location)                        
/title/tt0062863/,The Mercenaries,Jamaica,
/title/tt0120478/,Star Kid,"1960 La France Avenue, South Pasadena, California, USA",(Griffith house)                        
/title/tt0120478/,Star Kid,"Sierra Madre, California, USA",
/title/tt0035153/,One of Our Aircraft Is Missing,"The Fens, East Anglia, England, UK",
/title/tt0035153/,One of Our Aircraft Is Missing,"King's Lynn, Norfolk, England, UK",(Location)                        
/title/tt0035153/,One of Our Aircraft Is Missing,"Denham Studios, Denham, Buckinghamshire, England, UK",(studio)                        
/title/tt0035153/,One of Our Aircraft Is Missing,"Riverside Studios, Hammersmith, London, England, UK",(studio) (model work)                        
/title/tt0338616/,"I'm a Celebrity, Get Me Out of Here!","Dungay, New South Wales, Australia",
/title/tt1767319/,In the Name of the King: Two Worlds,"Golden Ears Provincial Park, British Columbia, Canada",
/title/tt1767319/,In the Name of the King: Two Worlds,"Academie Duello, Vancouver, British Columbia, Canada",(location)                        
/title/tt0096114/,The Sisterhood,Philippines,
Code,Show Name,Location,Scene
/title/tt0042646/,De mijnen van Koning Salomo,"Carlsbad Caverns National Park - 727 Carlsbad Caverns Highway, Carlsbad, New Mexico, USA",(underground mines)                        
/title/tt0042646/,De mijnen van Koning Salomo,"Biondo, Democratic Republic Of Congo",
/title/tt0042646/,De mijnen van Koning Salomo,"Hell's Gate National Park, Kenya",
/title/tt0042646/,De mijnen van Koning Salomo,Democratic Republic Of Congo,
/title/tt0042646/,De mijnen van Koning Salomo,"Carlsbad, New Mexico, USA",
/title/tt0042646/,De mijnen van Koning Salomo,Uganda,
/title/tt0042646/,De mijnen van Koning Salomo,"Tanganjika, Tanzania",
/title/tt0042646/,De mijnen van Koning Salomo,Kenya,
/title/tt10680606/,Minecraft Epic,"Brighton, UK",(Filming City)                        
/title/tt9445030/,Marvel Ultimate Alliance 3: The Black Order,"New York City, New York, USA",
/title/tt0113533/,Born to Be Wild,"Goat Rock Beach, California, USA",
/title/tt0113533/,Born to Be Wild,"Seattle, Washington, USA",
/title/tt0096000/,Robowar - Robot da guerra,"Pagsanjan, Laguna, Philippines",
/title/tt0058241/,Island of the Blue Dolphins,"Anchor Bay, California, USA",
/title/tt8466726/,Pearl in Paradise,"Viti Levu, Fiji",
/title/tt1282016/,The 39 Steps,"Bo'ness and Kinneil Railway, Bo'ness, West Lothian, Scotland, UK",
/title/tt1282016/,The 39 Steps,"Kelvingrove Art Gallery & Museum, Glasgow, Strathclyde, Scotland, UK",
/title/tt1282016/,The 39 Steps,"Argyll's Lodging, Stirling, Scotland, UK",
/title/tt1282016/,The 39 Steps,"Dumbarton Castle, Dumbarton, West Dunbartonshire, Scotland, UK",(Professor Fisher's home)                        
/title/tt1282016/,The 39 Steps,"Stirling Castle, Stirling, Scotland, UK",(Defence Council meeting)                        
/title/tt1282016/,The 39 Steps,"Scotland, UK",
/title/tt4053020/,Medinah,Qatar,
/title/tt0112495/,Beyond Rangoon,"Ipoh, Perak, Malaysia",
/title/tt0112495/,Beyond Rangoon,"Georgetown, Penang, Malaysia",(Filming Locations)                        
/title/tt0112495/,Beyond Rangoon,Thailand,
/title/tt1606207/,"Dr. Syn, Alias the Scarecrow","New Romney, Kent, England, UK",(exterior scenes)                        
/title/tt1606207/,"Dr. Syn, Alias the Scarecrow","St Clement Church, Old Romney, Kent, England, UK",(Dr Syns Parish)                        
/title/tt1606207/,"Dr. Syn, Alias the Scarecrow","Pinewood Studios, Iver Heath, Buckinghamshire, England, UK",
/title/tt1127177/,Croc,Thailand,
/title/tt0092042/,Tai-Pan,China,
/title/tt0092042/,Tai-Pan,"Macau, China",
/title/tt0078477/,The Water Babies,"River Wharfe, Yorkshire, England, UK",
/title/tt0078477/,The Water Babies,"York, North Yorkshire, England, UK",(Market scene)                        
/title/tt0078477/,The Water Babies,"Bolton Priory, Bolton Abbey, Skipton, North Yorkshire, England, UK",(Where Tom becomes a Water Babt)                        
/title/tt0078477/,The Water Babies,"Denton, Ilkley, Bradford, North Yorkshire, England, UK",
/title/tt3622332/,Sword of Vengeance,Serbia,
/title/tt0196069/,Samsara,"Ladakh, Jammu & Kashmir, India",
/title/tt0196069/,Samsara,"Chemrey Gompa, Ladakh, India",(Monastery)                        
/title/tt2984660/,Outlast,"Sudbury, Ontario, Canada",(Underground Lab)                        
/title/tt0813789/,Marco Polo,China,
/title/tt0072209/,Stone,"Middle Head, Sydney, New South Wales, Australia",(fortress scenes)                        
/title/tt0072209/,Stone,"Art Gallery Of New South Wales, Sydney, New South Wales, Australia",(assassination scenes)                        
/title/tt9057520/,The Division 2,"Washington, District of Columbia, USA",
/title/tt0043885/,De patrouille der verlorenen,"Gallup, New Mexico, USA",
/title/tt0083391/,Bring 'Em Back Alive,"Arcadia, California, USA",
/title/tt0060754/,The Night of the Grizzly,"Big Bear Valley, San Bernardino National Forest, California, USA",
/title/tt0060754/,The Night of the Grizzly,"San Bernardino National Forest, California, USA",
/title/tt0060754/,The Night of the Grizzly,"Cedar Lake, Big Bear Valley, San Bernardino National Forest, California, USA",
/title/tt9233830/,Island of Bryan,Bahamas,(location)                        
/title/tt0095981/,The Rescue,"Hong Kong, China",
/title/tt0095981/,The Rescue,"Auckland, New Zealand",
/title/tt0095981/,The Rescue,New Zealand,
/title/tt4716164/,"Tomorrow, When the War Began","Melbourne, Victoria, Australia",
Code,Show Name,Location,Scene
/title/tt0272839/,Shackleton,Greenland,
/title/tt0272839/,Shackleton,"Whitby, North Yorkshire, England, UK",
/title/tt0272839/,Shackleton,"Shepperton Studios, Shepperton, Surrey, England, UK",(studio)                        
/title/tt6719524/,5 Headed Shark Attack,Puerto Rico,
/title/tt0033021/,Slaven in opstand,"Lasky Mesa, West Hills, Los Angeles, California, USA",
/title/tt0033021/,Slaven in opstand,"Warner Ranch, Calabasas, California, USA",
/title/tt0049964/,World Without End,"Iverson Ranch - 1 Iverson Lane, Chatsworth, Los Angeles, California, USA",
/title/tt12036052/,Elephant,"Kalahari Desert, South Africa",
/title/tt0041610/,Lust for Gold,"Superstition Mountains, Arizona, USA",
/title/tt0041610/,Lust for Gold,"Florence, Arizona, USA",
/title/tt0041610/,Lust for Gold,"Apache Junction, Arizona, USA",
/title/tt0041610/,Lust for Gold,"Superstition Wilderness, Arizona, USA",
/title/tt0041610/,Lust for Gold,"Apache Trail, Arizona, USA",
/title/tt0041610/,Lust for Gold,"Columbia/Sunset Gower Studios - 1438 N. Gower Street, Hollywood, Los Angeles, California, USA",(studio)                        
/title/tt0099978/,Laser Mission,Germany,
/title/tt0099978/,Laser Mission,South Africa,
/title/tt0061856/,Kaijûtô no kessen: Gojira no musuko,Guam,
/title/tt0105606/,To Grandmother's House We Go,"Vancouver, British Columbia, Canada",
/title/tt5926494/,Extinct,"Utah, USA",
/title/tt0087096/,Crackers,"San Francisco, California, USA",
/title/tt0061333/,The Adventures of Bullwhip Griffin,"Walt Disney Studios, 500 South Buena Vista Street, Burbank, California, USA",
/title/tt12444960/,Elvis from Outer Space,"Los Angeles, California, USA",(location)                        
/title/tt0031334/,De vier veren,Sudan,
/title/tt0093424/,Lionheart,Portugal,
/title/tt0053455/,The Wreck of the Mary Deare,"Metro-Goldwyn-Mayer Studios - 10202 W. Washington Blvd., Culver City, California, USA",(studio)                        
/title/tt0053455/,The Wreck of the Mary Deare,"England, UK",
/title/tt0053455/,The Wreck of the Mary Deare,"Long Beach, California, USA",
/title/tt0053455/,The Wreck of the Mary Deare,"Waterloo Station, Waterloo, London, England, UK",
/title/tt0034522/,De zwarte zwaan,"Florida, USA",
/title/tt0034522/,De zwarte zwaan,Cuba,
/title/tt0034522/,De zwarte zwaan,Mexico,
/title/tt0034522/,De zwarte zwaan,"Stage 6, 20th Century Fox Studios - 10201 Pico Blvd., Century City, Los Angeles, California, USA",
/title/tt3771536/,Shivaay,Bulgaria,
/title/tt3771536/,Shivaay,Poland,(Warsaw)                        
/title/tt0071671/,The Island at the Top of the World,"Redmond, Oregon, USA",
/title/tt0071671/,The Island at the Top of the World,Norway,(scene featuring the Viking longship crew)                        
/title/tt0027869/,The Last of the Mohicans,"Big Bear Lake, Big Bear Valley, San Bernardino National Forest, California, USA",
/title/tt0027869/,The Last of the Mohicans,"Iverson Ranch - 1 Iverson Lane, Chatsworth, Los Angeles, California, USA",
/title/tt0027869/,The Last of the Mohicans,"Lake Sherwood, California, USA",
/title/tt0027869/,The Last of the Mohicans,"RKO-Pathé Studios - 9336 Washington Blvd., Culver City, California, USA",(studio)                        
/title/tt0098022/,Old Gringo,"Zacatecas, Mexico",
/title/tt0098022/,Old Gringo,"Durango, Mexico",
/title/tt0098022/,Old Gringo,"Ometusco, Hidalgo, Mexico",
/title/tt0098022/,Old Gringo,"Taxquillo, Hidalgo, Mexico",
/title/tt0098022/,Old Gringo,"Venta de Cruz, Hidalgo, Mexico",
/title/tt12763774/,Detective Dee: Solitary Skies Killer,China,
/title/tt3307726/,Bermuda Tentacles,"USS Iowa BB-61, San Pedro, California, USA",
/title/tt3307726/,Bermuda Tentacles,"Studio 53, Burbank, California, USA",
/title/tt0127388/,Ninja Turtles: The Next Mutation,"Vancouver, British Columbia, Canada",
/title/tt0496375/,Prisoners of the Sun,"Atlas Corporation Studios, Ouarzazate, Morocco",
/title/tt0092933/,Dudes,"Jerome, Arizona, USA",
/title/tt0092933/,Dudes,"Cottonwood, Arizona, USA",
/title/tt0092933/,Dudes,"Sedona, Arizona, USA",
/title/tt0107277/,Josh and S.A.M.,"Arches National Park, Utah, USA",
/title/tt0107277/,Josh and S.A.M.,"Laurel, Montana, USA",
/title/tt0107277/,Josh and S.A.M.,"Great Salt Lake, Utah, USA",
/title/tt0107277/,Josh and S.A.M.,"Saltair Pavilion, near, Magna, Utah, USA",
/title/tt3882000/,Microbe et Gasoil,"Versailles, Yvelines, France",(main location: Daniel and Theo's city)                        
/title/tt3882000/,Microbe et Gasoil,"Briis-sous-Forges, Essonne, France","(toilet stop, policemen taking a selfie in front of cabin)                        "
/title/tt3882000/,Microbe et Gasoil,"Les Granges-le-Roi, Essonne, France",(location)                        
/title/tt3882000/,Microbe et Gasoil,"Maule, Yvelines, France","(gas station, Daniel looking for hair salon)                        "
/title/tt3882000/,Microbe et Gasoil,"Chars, Val-d'Oise, France",(location)                        
/title/tt3882000/,Microbe et Gasoil,"Grisy-les-Plâtres, Val-d'Oise, France",(location)                        
/title/tt3882000/,Microbe et Gasoil,"Arleuf, Nièvre, France",(location)                        
/title/tt3882000/,Microbe et Gasoil,"Saint-Martin-du-Puy, Nièvre, France",(Theo pushes the car uphill)                        
/title/tt3882000/,Microbe et Gasoil,"Lycée Michelet - Rue Jullien, Vanves, Hauts-de-Seine, France",(junior high school)                        
/title/tt3882000/,Microbe et Gasoil,"Rue de Noailles, Versailles, Yvelines, France",(Theo and Daniel's car rejected by administration)                        
/title/tt3882000/,Microbe et Gasoil,"Chastellux-sur-Cure, Yonne, France",(Barrage du Crescent: dam where car crashes)                        
/title/tt3882000/,Microbe et Gasoil,"Cimetière Notre-Dame, Versailles, Yvelines, France",(cemetery)                        
/title/tt6103712/,Australian Survivor,Samoa,(2016-2017)                        
/title/tt4412528/,Two Lovers and a Bear,"Timmins, Ontario, Canada",
/title/tt4412528/,Two Lovers and a Bear,"Iqaluit, Nunavut, Canada",
/title/tt4412528/,Two Lovers and a Bear,"Apex, Iqaluit, Nunavut, Canada",
/title/tt7905548/,La otra mirada,"Seville, Spain",
/title/tt0060025/,Skippy,"Fauna Studios, Sydney, New South Wales, Australia",(studio)                        
/title/tt0060025/,Skippy,"Sydney, New South Wales, Australia",
/title/tt0060025/,Skippy,"Ku-ring-gai Chase National Park, Bobbin Head, Sydney, New South Wales, Australia",(Waratah National Park)                        
/title/tt0085935/,Metalstorm: The Destruction of Jared-Syn,"Bronson Caves, Bronson Canyon, Griffith Park - 4730 Crystal Springs Drive, Los Angeles, California, USA",
/title/tt1276107/,Without a Paddle: Nature's Calling,"Portland, Oregon, USA",
Code,Show Name,Location,Scene
/title/tt7549618/,Bernie the Dolphin,"St. Petersburg, Florida, USA",
/title/tt7549618/,Bernie the Dolphin,"St. Augustine, Florida, USA",
/title/tt0061014/,Le spie vengono dal semifreddo,"San Francisco, California, USA",
/title/tt0061014/,Le spie vengono dal semifreddo,"Cinecittà Studios, Cinecittà, Rome, Lazio, Italy",(studio)                        
/title/tt1328875/,Santa Buddies,"Aldergrove, British Columbia, Canada",
/title/tt1328875/,Santa Buddies,"Vancouver, British Columbia, Canada",
/title/tt1331335/,Wyvern,"Vancouver, British Columbia, Canada",
/title/tt0057846/,"Angelique, markiezin der engelen","Pérouges, Ain, Rhône-Alpes, France",
/title/tt0057846/,"Angelique, markiezin der engelen","Abbaye de Fontenay, Montbard, Côte-d'Or, France",(convent)                        
/title/tt0057846/,"Angelique, markiezin der engelen","Cinecittà Studios, Cinecittà, Rome, Lazio, Italy",(studio)                        
/title/tt8205060/,Lego The Incredibles,"Chicago Illinois, USA",
/title/tt2250234/,SAGA: The Shadow Cabal,"Utah, USA",
/title/tt0226919/,Krocodylus,Philippines,
/title/tt0374853/,Malice in Wonderland,"Great Yarmouth, Norfolk, England, UK",
/title/tt0374853/,Malice in Wonderland,"Sunderland, Tyne & Wear, England, UK",
/title/tt0374853/,Malice in Wonderland,"Hyde Park, London, England, UK",
/title/tt0042464/,De vlam en de pijl,"Bronson Caves, Bronson Canyon, Griffith Park - 4730 Crystal Springs Drive, Los Angeles, California, USA",
/title/tt0042464/,De vlam en de pijl,"Warner Brothers Burbank Studios - 4000 Warner Boulevard, Burbank, California, USA",(studio)                        
/title/tt2071507/,League of Legends,"Chicago Illinois, USA",(main location)                        
/title/tt0055152/,Master of the World,"Alabama Hills, Lone Pine, California, USA",
/title/tt1786742/,Treasure Guards,"Cape Town, Western Cape, South Africa",
/title/tt1786742/,Treasure Guards,South Africa,
/title/tt5846744/,Big Fat Liar 2,"Kwantlen Polytechnic University, Langley, British Columbia, Canada",
/title/tt5846744/,Big Fat Liar 2,"University of the Fraser Valley, Abbotsford, British Columbia, Canada",(location)                        
/title/tt0420408/,Hercules,"Auckland, New Zealand",
/title/tt0420408/,Hercules,New Zealand,
/title/tt0053106/,Neotpravlennoe pismo,"Mosfilm Studios, Moscow, Russia",(studio)                        
/title/tt0042539/,Halls of Montezuma,"Marine Corps Base Camp Pendleton, California, USA","(I know this, as my father was in boot camp at the time and his squad were used as extras for four days at this location, for this film.)                        "
/title/tt0055294/,The Phantom Planet,"Nashville, Tennessee, USA",
/title/tt0052148/,The Roots of Heaven,"Sarh, Chad",
/title/tt0052148/,The Roots of Heaven,"Studios de Boulogne-Billancourt/SFP - 2 Rue de Silly, Boulogne-Billancourt, Hauts-de-Seine, France",(studio) (interiors)                        
/title/tt1989485/,Dead Before Dawn 3D,"Niagara Falls, Ontario, Canada",
/title/tt1989485/,Dead Before Dawn 3D,"Ridley College, St. Catharines, Ontario, Canada",
/title/tt2439946/,40 Days and Nights,"Los Angeles, California, USA",
/title/tt0110015/,Hercules and the Amazon Women,"Auckland, New Zealand",
/title/tt0046808/,Broken Lance,"Elgin, Arizona, USA",
/title/tt0046808/,Broken Lance,"Circle Z Ranch - 1476 Highway 82, Patagonia, Arizona, USA",
/title/tt0046808/,Broken Lance,"Santa Cruz Valley, Arizona, USA",
/title/tt0046808/,Broken Lance,"Sonoita, Arizona, USA",
/title/tt0046808/,Broken Lance,"San Pedro River, Arizona, USA",
/title/tt0046808/,Broken Lance,"20th Century Fox Ranch, Malibu Creek State Park - 1925 Las Virgenes Road, Calabasas, California, USA",
/title/tt0076164/,Het Monster van Peking,"Hong Kong Stadium, Hong Kong",
/title/tt0118787/,Buddy,"Los Angeles Zoo & Botanical Gardens, Griffith Park - 5333 Zoo Dr, Los Angeles, California, USA",
/title/tt0118787/,Buddy,"Orpheum Theater - 842 South Broadway, Downtown, Los Angeles, California, USA",
/title/tt0077381/,The Prince and the Pauper,"Pinewood Studios, Iver Heath, Buckinghamshire, England, UK",(studio)                        
/title/tt0077381/,The Prince and the Pauper,"Fertõrákos, Hungary",
/title/tt6146590/,F.R.E.D.I.,"Mildred B. Cooper Memorial Chapel 504 Memorial Dr, Bella Vista, Arkansas, USA",
/title/tt6146590/,F.R.E.D.I.,"Crystal Bridges Museum of American Art 600 Museum Way, Bentonville, Arkansas, USA",(Arachnacorp)                        
/title/tt6146590/,F.R.E.D.I.,"The Station Cafe 111 N Main St, Bentonville, Arkansas, USA",
/title/tt6146590/,F.R.E.D.I.,"Bentonville High School 1801 SE J St, Bentonville, Arkansas, USA",
/title/tt6146590/,F.R.E.D.I.,"Bentonville, Arkansas, USA",
/title/tt6146590/,F.R.E.D.I.,"Benton County Solid Waste District 5702 Brookside Rd, Bentonville, Arkansas, USA",
Code,Show Name,Location,Scene
/title/tt0428446/,The Darwin Awards,"Crockett, California, USA",
/title/tt0428446/,The Darwin Awards,"Lake Tahoe, California, USA",
/title/tt0428446/,The Darwin Awards,"Oakland, California, USA",
/title/tt0428446/,The Darwin Awards,"Salt Lake City, Utah, USA",
/title/tt0090065/,Starchaser: The Legend of Orin,"Minneapolis, Minnesota, USA",
/title/tt0063429/,The Pink Jungle,"Hollywood, California, USA",
/title/tt3449292/,Manjhi: The Mountain Man,"Bihar, India",
/title/tt3449292/,Manjhi: The Mountain Man,"New Delhi, Delhi, India",
/title/tt3449292/,Manjhi: The Mountain Man,"Agra, Uttar Pradesh, India",
/title/tt0047264/,Marabunta,"Florahome, Florida, USA",(dynamiting of bridges)                        
/title/tt0047264/,Marabunta,"Paramount Studios - 5555 Melrose Avenue, Hollywood, Los Angeles, California, USA",(studio)                        
/title/tt0323108/,The Lord of the G-Strings: The Femaleship of the String,"New Jersey, USA",
/title/tt0277327/,So weit die Füße tragen,Germany,
/title/tt0277327/,So weit die Füße tragen,"Tashkent, Uzbekistan",
/title/tt2622826/,Avalanche Sharks,"Mammoth Lakes, California, USA",
/title/tt11974562/,Omega Seamaster Diver 300M Television Commercial,"Sonny Werblin Recreation Center - Rutgers University Busch Student Center, Rutgers University, 656 Bartholomew Road, Piscataway, New Jersey, USA",(location: swimming pool)                        
/title/tt0071566/,Gold,"Johannesburg, South Africa",(Buffelfontein and West Rand mines)                        
/title/tt0071566/,Gold,"Johannesburg, South Africa",
/title/tt0071566/,Gold,"New York City, New York, USA",
/title/tt0071566/,Gold,USA,
/title/tt0071566/,Gold,South Africa,
/title/tt2093990/,El Niño,"Algeciras, Cádiz, Andalucía, Spain",
/title/tt2093990/,El Niño,"Tangier, Morocco",
/title/tt2093990/,El Niño,"Ceuta, Ceuta, Spain",
/title/tt2093990/,El Niño,"El Puerto de Santa María, Cádiz, Andalucía, Spain",(location)                        
/title/tt9193596/,Jiang ye,"Xinjiang, China",
/title/tt9193596/,Jiang ye,"Hubei, China",
/title/tt0061115/,Een vrouw onder de wolven,"Birkenhead Lake Provincial Park, British Columbia, Canada",(cabin by the lake)                        
/title/tt0061115/,Een vrouw onder de wolven,"Bowen Island, British Columbia, Canada",(village)                        
/title/tt0061115/,Een vrouw onder de wolven,"Hollyburn Film Studios, West Vancouver, British Columbia, Canada","(studio) (studio: filmed at Hollyburn Film Studios, West Vancouver)                        "
/title/tt0061115/,Een vrouw onder de wolven,"Panorama Studios, West Vancouver, British Columbia, Canada",(studio)                        
/title/tt0053351/,They Came to Cordura,"St. George, Utah, USA",
/title/tt0053351/,They Came to Cordura,Mexico,
/title/tt0053351/,They Came to Cordura,"Wolf Hole, Arizona, USA",
/title/tt0053351/,They Came to Cordura,"Virgin Mountains, Arizona, USA",
/title/tt0053351/,They Came to Cordura,"Moccasin Mountains, Arizona, USA",
/title/tt1594917/,Age of the Dragons,"Utah, USA",
/title/tt0066256/,Pufnstuf,"Universal Studios - 100 Universal City Plaza, Universal City, California, USA",(studio)                        
/title/tt1096982/,Shen diao xia lu,"Beijing, China",
/title/tt1096982/,Shen diao xia lu,"Guangdong, China",
/title/tt1096982/,Shen diao xia lu,"Liaoning, China",
/title/tt1096982/,Shen diao xia lu,"Zhejiang, China",
/title/tt0042393/,Destination Moon,"General Service Studios - 1040 N. Las Palmas, Hollywood, Los Angeles, California, USA",(studio)                        
/title/tt1094162/,AVH: Alien vs. Hunter,"Castaic Lake State Recreation Area, California, USA",
/title/tt1094162/,AVH: Alien vs. Hunter,"Laurel Canyon Stages - 9337 Laurel Canyon Boulevard, Arleta, Los Angeles, California, USA",
/title/tt1838571/,Juan de los muertos,"Havana, Cuba",
/title/tt11229556/,Death,"Chicago Illinois, USA",
/title/tt0098912/,The Chronicles of Narnia: The Silver Chair,"Herstmonceux Castle, East Sussex, England, UK",(rebuilt Cair Paravel)                        
/title/tt0098912/,The Chronicles of Narnia: The Silver Chair,"Haddon Hall, Bakewell, Derbyshire, England, UK",(giants' castle)                        
/title/tt0357668/,The Flyboys,"St. George, Utah, USA",
/title/tt0357668/,The Flyboys,"Mesquite, Nevada, USA",
/title/tt0076630/,Rituals,"Batchawana Bay, Ontario, Canada",
/title/tt0076630/,Rituals,"Cinespace Film Studios - 11030 Highway 27, Kleinburg, Ontario, Canada",(studio)                        
/title/tt0972558/,Obitaemyy ostrov,"Crimea, Ukraine",
/title/tt0972558/,Obitaemyy ostrov,Ukraine,
/title/tt3300572/,Stung,"Börnicke, Germany",(Castle Börnicke)                        
/title/tt0086289/,I sette magnifici gladiatori,"De Paolis Studios, Rome, Lazio, Italy",(studio)                        
/title/tt10305328/,Arctic Apocalypse,"Mammoth Mountain, Mammoth Lakes, CA 93546, USA",
/title/tt2076850/,Flukt,Norway,
/title/tt4718770/,The Wiz Live!,"Grumman Studios, Bethpage, Long Island, New York, USA",(Stage 1)                        
/title/tt0463850/,10.5: Apocalypse,"Montréal, Québec, Canada",
/title/tt0463850/,10.5: Apocalypse,"Saint-Hubert, Québec, Canada",
Code,Show Name,Location,Scene
/title/tt0064555/,Krakatoa: East of Java,"Cinecittà Studios, Cinecittà, Rome, Lazio, Italy",(studio) (uncredited)                        
/title/tt0064555/,Krakatoa: East of Java,"Sevilla Films, Madrid, Spain",(studio) (uncredited)                        
/title/tt0120550/,Zeus and Roxanne,"Freeport, Grand Bahama Island, Bahamas",
/title/tt0465774/,12 oz. Mouse,"Atlanta, Georgia, USA",
/title/tt0050567/,Johnny Tremain,"Rowland V. Lee Ranch - Fallbrook Avenue, Canoga Park, Los Angeles, California, USA",
/title/tt1314248/,Troglodyte,"BC Place, Vancouver, British Columbia, Canada",
/title/tt6435566/,Playboy Mid Summer Night's Dream Party 1985,"Playboy Mansion - 10236 Charing Cross Road, Holmby Hills, Los Angeles, California, USA",(Playboy Mansion)                        
/title/tt1733125/,Dungeons & Dragons: The Book of Vile Darkness,Bulgaria,
/title/tt0079153/,Firepower,St Lucia,
/title/tt0079153/,Firepower,Curaçao,
/title/tt0079153/,Firepower,"Key Largo, Florida, USA",(interior)                        
/title/tt0079153/,Firepower,"Brooklyn, New York, USA",
/title/tt0079153/,Firepower,"Bridgeport, Connecticut, USA",
/title/tt0079153/,Firepower,Caribbean Sea,
/title/tt0079153/,Firepower,"Curaçao, Netherlands",
/title/tt0079153/,Firepower,USA,
/title/tt2600742/,Ghost Shark,"Louisiana, USA",(principal photography)                        
/title/tt0053598/,Gli amori di Ercole,"Monte Gelato Falls, Treja River, Lazio, Italy",
/title/tt0053126/,North West Frontier,"Hacho Bridge, Andalucia, Spain",
/title/tt0053126/,North West Frontier,"Jaipur, Rajasthan, India",(scene where escape train passes refugee train)                        
/title/tt0053126/,North West Frontier,"Barrio Primero De Mayo, Granada, Andalucía, Spain",(final scene at Iznalloz railway station)                        
/title/tt0053126/,North West Frontier,"Pinewood Studios, Iver Heath, Buckinghamshire, England, UK",(studio) (studio: made at Pinewood Studios)                        
/title/tt0091934/,Shanghai Surprise,"Hong Kong, China",
/title/tt0091934/,Shanghai Surprise,Portugal,
/title/tt0074050/,Sandokan,"Bavaria Studios, Bavariafilmplatz 7, Geiselgasteig, Grünwald, Bavaria, Germany",
/title/tt9009826/,Send It!,"Cape Hatteras, North Carolina, USA",
/title/tt9009826/,Send It!,"Palma de Mallorca, Spain",
/title/tt0127989/,Ark II,"Malibu Creek State Park - 1925 Las Virgenes Road, Calabasas, California, USA",
/title/tt0057687/,De onoverwinnelijke roodhuid,"Plitvice Lakes, Croatia",
/title/tt0057687/,De onoverwinnelijke roodhuid,"Knin, Croatia",(meeting between Santer and Black Eagle scene)                        
/title/tt0057687/,De onoverwinnelijke roodhuid,"Grobnicko polje, Croatia",
/title/tt0057687/,De onoverwinnelijke roodhuid,"Rastoke, Croatia",
/title/tt0057687/,De onoverwinnelijke roodhuid,"Zezevo, Croatia",
/title/tt0057687/,De onoverwinnelijke roodhuid,"Rijeka, Croatia",(scene of attacking Kiowas)                        
/title/tt0057687/,De onoverwinnelijke roodhuid,"Zrmanja Canyon, Croatia",
/title/tt1171225/,Brütal Legend,"Record Surplus, 11609 West Pico Boulevard, Los Angeles, California, USA",(record store in live-action Jack Black game intro)                        
/title/tt2175927/,American Warships,"Wilmington, North Carolina, USA",
/title/tt1865572/,Wild Boys,"Australiana Pioneer Village, Wilberforce, New South Wales, Australia",(town)                        
/title/tt3384904/,Apocalypse Pompeii,"Sofia, Bulgaria",(studio)                        
/title/tt0407398/,Hi Hi Puffy AmiYumi,"New York City, New York, USA",
/title/tt0407398/,Hi Hi Puffy AmiYumi,"Los Angeles, California, USA",
/title/tt0104812/,Map of the Human Heart,"Nunavik, Quebec, Canada",
/title/tt0104812/,Map of the Human Heart,"Qikiqtaaluk, Nunavut, Canada",
/title/tt3297792/,Survivor,"Utah, USA",
/title/tt8246058/,Flying Tiger,"Hong Kong, China",
/title/tt2751140/,Freshwater,"Helena, Alabama, USA",
/title/tt2751140/,Freshwater,"Los Angeles, California, USA",
/title/tt1446072/,Game of Death,"Detroit, Michigan, USA",
/title/tt0048640/,Avontuur in Hongkong,"The Peninsula Hong Kong, Salisbury Road, Tsim Sha Tsui, Kowloon, Hong Kong, China",
/title/tt0048640/,Avontuur in Hongkong,"Kowloon, Hong Kong, China",
/title/tt0048640/,Avontuur in Hongkong,"20th Century Fox Studios - 10201 Pico Blvd., Century City, Los Angeles, California, USA",(studio)                        
